msa_file,tree,seq_len,execution_time_seconds,cpu_time_seconds,peak_ram_mb,taxa_count
BB11003,UPGMA,582,0.0377325000001746,0.03125,0.21484375,4
BB11003,NJ,582,0.0377922000000126,0.046875,0.02734375,4
BB11003,ML,582,0.2214733000000706,0.375,5.484375,4
BB11003,MP,582,0.0691911000001255,0.0625,0.22265625,4
BB11004,UPGMA,603,0.0340175999999701,0.03125,0.0234375,4
BB11004,NJ,603,0.0339773000000604,0.03125,0.0234375,4
BB11004,ML,603,0.1760260999999445,0.328125,0.23828125,4
BB11004,MP,603,0.0978829000000587,0.109375,0.0390625,4
BB11005,UPGMA,609,0.4703370000001996,0.46875,0.046875,14
BB11005,NJ,609,0.4702104000000418,0.484375,0.01953125,14
BB11005,ML,609,3.100688800000171,3.28125,0.6328125,14
BB11005,MP,609,4.694000999999844,4.6875,0.31640625,14
BB11006,UPGMA,385,0.0928016000000298,0.09375,0.0234375,8
BB11006,NJ,385,0.0920238000001063,0.09375,0.01953125,8
BB11006,ML,385,0.8075655000000097,1.0,0.07421875,8
BB11006,MP,385,0.5431218999999601,0.546875,0.0234375,8
BB11007,UPGMA,505,0.1929256000000805,0.1875,0.015625,9
BB11007,NJ,505,0.1868380999999317,0.1875,0.01953125,9
BB11007,ML,505,1.257614999999987,1.46875,0.0625,9
BB11007,MP,505,2.009281700000201,2.0,0.015625,9
BB11008,UPGMA,559,0.0253422000000682,0.03125,0.01953125,4
BB11008,NJ,559,0.0258178999999927,0.015625,0.01953125,4
BB11008,ML,559,0.1376058000000739,0.25,0.02734375,4
BB11008,MP,559,0.0841571999999359,0.109375,0.0234375,4
BB11009,UPGMA,584,0.0223261999999522,0.015625,0.01953125,4
BB11009,NJ,584,0.0218832000000475,0.015625,0.015625,4
BB11009,ML,584,0.0819819999999253,0.140625,0.01953125,4
BB11009,MP,584,0.0849570000000312,0.15625,0.01953125,4
BB11010,UPGMA,609,0.0401704000000791,0.046875,0.01953125,4
BB11010,NJ,609,0.039105999999947,0.046875,0.01953125,4
BB11010,ML,609,0.2128591000000597,0.40625,0.0546875,4
BB11010,MP,609,0.0719856999999137,0.078125,0.01953125,4
BB11011,UPGMA,289,0.0286515000000235,0.015625,0.01953125,5
BB11011,NJ,289,0.0283245999999053,0.015625,0.01953125,5
BB11011,ML,289,0.2597365000001446,0.46875,0.0234375,5
BB11011,MP,289,0.0601895000002059,0.0625,0.01953125,5
BB11012,UPGMA,410,0.0297149000000445,0.015625,0.01953125,4
BB11012,NJ,410,0.0294521999999233,0.03125,0.01953125,4
BB11012,ML,410,0.1227318000001105,0.234375,0.01953125,4
BB11012,MP,410,0.0523992999999336,0.09375,0.01953125,4
BB11013,UPGMA,115,0.012964699999884,0.015625,0.01953125,5
BB11013,NJ,115,0.012814500000104,0.015625,0.01953125,5
BB11013,ML,115,0.1335762999999588,0.25,0.01953125,5
BB11013,MP,115,0.0403479000001425,0.078125,0.01953125,5
BB11014,UPGMA,668,0.1102593999999044,0.09375,0.01953125,6
BB11014,NJ,668,0.1043670999999903,0.109375,0.01953125,6
BB11014,ML,668,0.7291207999999187,0.921875,0.02734375,6
BB11014,MP,668,0.4910303999999996,0.484375,0.01953125,6
BB11015,UPGMA,341,0.0272155000000111,0.03125,0.0234375,4
BB11015,NJ,341,0.0256636999999955,0.03125,0.01953125,4
BB11015,ML,341,0.1442302999998901,0.25,0.01953125,4
BB11015,MP,341,0.0451183999998647,0.0625,0.01953125,4
BB11016,UPGMA,988,0.1982868000000053,0.1875,0.01953125,8
BB11016,NJ,988,0.1916246999999202,0.1875,0.01953125,8
BB11016,ML,988,1.394838299999947,1.578125,0.61328125,8
BB11016,MP,988,1.380356799999845,1.375,0.01953125,8
BB12001,UPGMA,623,0.33175180000012,0.328125,0.01953125,11
BB12001,NJ,623,0.3309716000001117,0.328125,0.015625,11
BB12001,ML,623,2.19447880000007,2.390625,0.01953125,11
BB12001,MP,623,1.885955899999999,1.875,0.01953125,11
BB12002,UPGMA,243,0.0476584000000457,0.046875,0.01953125,6
BB12002,NJ,243,0.0417191999999886,0.046875,0.015625,6
BB12002,ML,243,0.2850233000001481,0.484375,0.01953125,6
BB12002,MP,243,0.0895654999999351,0.09375,0.015625,6
BB12003,UPGMA,92,0.0335525999998935,0.03125,0.01953125,8
BB12003,NJ,92,0.0281947000000855,0.03125,0.01953125,8
BB12003,ML,92,0.2677394999998341,0.453125,0.015625,8
BB12003,MP,92,0.138219700000036,0.140625,0.01953125,8
BB12011,UPGMA,1371,0.7602448000000095,0.75,0.015625,12
BB12011,NJ,1371,0.7513576999999714,0.75,0.01953125,12
BB12011,ML,1371,5.250866200000019,5.421875,0.57421875,12
BB12011,MP,1371,10.623052800000096,10.609375,0.14453125,12
BB12012,UPGMA,585,0.0377332999998998,0.03125,0.015625,4
BB12012,NJ,585,0.0317080999998324,0.03125,0.015625,4
BB12012,ML,585,0.1506291000000601,0.265625,0.015625,4
BB12012,MP,585,0.09520869999983,0.125,0.015625,4
BB12013,UPGMA,835,0.260544100000061,0.25,0.015625,8
BB12013,NJ,835,0.2566540000000259,0.25,0.015625,8
BB12013,ML,835,1.2378939000000173,1.453125,0.03125,8
BB12013,MP,835,0.891328700000031,0.890625,0.01953125,8
BB12014,UPGMA,269,0.0687702000000172,0.0625,0.01953125,9
BB12014,NJ,269,0.0627240000001165,0.0625,0.01953125,9
BB12014,ML,269,0.7302704000001086,0.9375,0.01953125,9
BB12014,MP,269,0.4780700000001161,0.46875,0.01953125,9
BB12015,UPGMA,522,0.215355000000045,0.203125,0.01953125,12
BB12015,NJ,522,0.2085928999999851,0.203125,0.01953125,12
BB12015,ML,522,1.9111437999999907,2.109375,0.0234375,12
BB12015,MP,522,2.9156573000000208,2.921875,0.02734375,12
BB12016,UPGMA,1229,0.0752488000000539,0.0625,0.01953125,5
BB12016,NJ,1229,0.0691910999998981,0.0625,0.01953125,5
BB12016,ML,1229,0.4094437999999627,0.578125,0.01953125,5
BB12016,MP,1229,0.4886690999999246,0.484375,0.015625,5
BB12017,UPGMA,586,0.1357577000001129,0.125,0.01953125,7
BB12017,NJ,586,0.1304293000000598,0.125,0.01953125,7
BB12017,ML,586,0.8409504000001107,1.03125,0.0234375,7
BB12017,MP,586,0.6239837999999054,0.625,0.01953125,7
BB12018,UPGMA,984,0.0714958999999453,0.0625,0.01953125,4
BB12018,NJ,984,0.0655074999999669,0.0625,0.01953125,4
BB12018,ML,984,0.1986601999999493,0.328125,0.01953125,4
BB12018,MP,984,0.1153265000000374,0.125,0.01953125,4
BB12019,UPGMA,832,0.0975223000000369,0.078125,0.01953125,5
BB12019,NJ,832,0.0912732000001597,0.09375,0.01953125,5
BB12019,ML,832,0.5852658000001156,0.78125,0.0234375,5
BB12019,MP,832,0.3614658999999847,0.34375,0.015625,5
BB12020,UPGMA,141,0.0180995000000621,0.0,0.01953125,4
BB12020,NJ,141,0.0126371000001199,0.0,0.01953125,4
BB12020,ML,141,0.087085800000068,0.15625,0.01953125,4
BB12020,MP,141,0.0197256999999808,0.03125,0.01953125,4
BB12021,UPGMA,88,0.0234675000001516,0.03125,0.01953125,6
BB12021,NJ,88,0.0176589000000149,0.015625,0.01953125,6
BB12021,ML,88,0.1532457000000704,0.265625,0.01953125,6
BB12021,MP,88,0.050613500000054,0.078125,0.015625,6
BB20001,UPGMA,780,0.5388468000001012,0.53125,0.01953125,16
BB20001,NJ,780,0.5388597999999547,0.53125,0.01953125,16
BB20001,ML,780,5.257378300000028,5.484375,0.09375,16
BB20001,MP,780,11.145696000000044,11.125,0.10546875,16
BB20004,UPGMA,903,12.682412999999997,12.6875,0.02734375,55
BB20004,NJ,903,12.73021689999996,12.734375,0.01953125,55
BB20004,ML,903,34.1404857,34.328125,0.0234375,55
BB20004,MP,903,422.35571260000006,421.671875,3.203125,55
BB20007,UPGMA,515,1.3600768999999673,1.34375,0.0234375,23
BB20007,NJ,515,1.3698567000001276,1.359375,0.01953125,23
BB20007,ML,515,6.289015900000322,6.5,1.234375,23
BB20007,MP,515,18.959905400000025,18.890625,0.01953125,23
BB20014,UPGMA,929,11.8847394000004,11.890625,0.05078125,65
BB20014,NJ,929,11.56482479999977,11.53125,0.01953125,65
BB20014,ML,929,67.99484429999984,68.171875,0.125,65
BB20014,MP,929,1012.4965493,1011.21875,3.04296875,65
BB30001,UPGMA,949,46.44127750000007,46.390625,0.87890625,116
BB30001,NJ,949,47.04992149999998,47.046875,0.02734375,116
BB30001,ML,949,101.13929110000026,101.3125,5.8359375,116
BB30001,MP,949,2175.9895981,2175.09375,14.68359375,116
BB30002,UPGMA,1019,3.435813600000074,3.4375,0.01953125,31
BB30002,NJ,1019,3.4532466999999087,3.453125,0.01953125,31
BB30002,ML,1019,17.012578900000335,17.203125,0.07421875,31
BB30002,MP,1019,56.4573735999993,56.390625,0.03515625,31
BB30003,UPGMA,709,55.89829959999952,55.875,0.01953125,142
BB30003,NJ,709,56.60467040000003,56.59375,0.01953125,142
BB30003,ML,709,142.36697650000042,142.5625,1.6328125,142
BB30003,MP,709,4960.584143100001,4958.765624999999,19.9765625,142
BB40008,UPGMA,805,0.4223640000000159,0.40625,0.01953125,12
BB40008,NJ,805,0.4225385000008828,0.421875,0.01953125,12
BB40008,ML,805,3.4379583000009006,3.59375,0.5,12
BB40008,MP,805,5.09770430000026,5.078125,0.01953125,12
BB40011,UPGMA,2013,7.116443100001561,7.078125,0.01953125,39
BB40011,NJ,2013,7.059161199998925,7.046875,0.01953125,39
BB40011,ML,2013,77.63124020000032,77.82812500000091,0.05078125,39
BB40011,MP,2013,488.2507280000009,487.390625,0.01953125,39
BB40049,UPGMA,3569,34.22620090000055,34.171875,0.03515625,62
BB40049,NJ,3569,34.599856299999374,34.578125,0.01953125,62
BB40049,ML,3569,214.4928607999991,214.6875,0.72265625,62
BB50002,UPGMA,1277,0.5468412999998691,0.546875,0.16015625,13
BB50002,NJ,1277,0.5447211999999126,0.546875,0.03125,13
BB50002,ML,1277,5.0790952000006655,5.28125,6.55859375,13
BB50002,MP,1277,17.160269400001198,17.078125,0.76171875,13
BB50005,UPGMA,958,0.4865199000014399,0.484375,0.01953125,11
BB50005,NJ,958,0.487768999999389,0.484375,0.01953125,11
BB50005,ML,958,2.8563104000004387,3.046875,0.22265625,11
BB50005,MP,958,2.050838900000599,2.046875,0.01953125,11
BB50013,UPGMA,386,0.5662731000011263,0.5625,0.0234375,18
BB50013,NJ,386,0.5668353000000934,0.5625,0.01953125,18
BB50013,ML,386,3.5363982999988366,3.71875,0.96484375,18
BB50013,MP,386,5.30636819999927,5.296875,0.0234375,18
BBS50012,UPGMA,760,5.866382399999566,5.828125,0.43359375,49
BBS50012,NJ,760,6.00180200000068,5.984375,0.0234375,49
BBS50012,ML,760,22.89067740000064,23.09375,4.9921875,49
HKY_low_100_100,UPGMA,100,,6.0,0.41796875,100
HKY_low_100_100,NJ,100,,6.234375,0.0390625,100
HKY_low_100_100,ML,100,,9.140625,6.77734375,100
HKY_low_100_1000,UPGMA,1000,,58.046875,0.0390625,100
HKY_low_100_1000,NJ,1000,,58.28125,0.01953125,100
HKY_low_100_1000,ML,1000,,38.984375,1.6328125,100
HKY_low_100_250,UPGMA,250,,14.4375,0.01953125,100
HKY_low_100_250,NJ,250,,14.734375,0.01953125,100
HKY_low_100_250,ML,250,,11.578125,0.1875,100
HKY_low_100_50,UPGMA,50,,3.109375,0.01953125,100
HKY_low_100_50,NJ,50,,3.390625,0.01953125,100
HKY_low_100_50,ML,50,,22.140625,0.0234375,100
HKY_low_100_500,UPGMA,500,,29.015625,0.01953125,100
HKY_low_100_500,NJ,500,,29.25,0.04296875,100
HKY_low_100_500,ML,500,,21.0,0.546875,100
HKY_low_10_100,UPGMA,100,,0.0625,0.01953125,10
HKY_low_10_100,NJ,100,,0.046875,0.015625,10
HKY_low_10_100,ML,100,,0.296875,0.015625,10
HKY_low_10_1000,UPGMA,1000,,0.546875,0.01953125,10
HKY_low_10_1000,NJ,1000,,0.53125,0.01953125,10
HKY_low_10_1000,ML,1000,,0.78125,0.015625,10
HKY_low_10_250,UPGMA,250,,0.125,0.01953125,10
HKY_low_10_250,NJ,250,,0.140625,0.01953125,10
HKY_low_10_250,ML,250,,0.4375,0.01953125,10
HKY_low_10_50,UPGMA,50,,0.03125,0.01953125,10
HKY_low_10_50,NJ,50,,0.03125,0.01953125,10
HKY_low_10_50,ML,50,,0.359375,0.015625,10
HKY_low_10_500,UPGMA,500,,0.28125,0.01953125,10
HKY_low_10_500,NJ,500,,0.28125,0.01953125,10
HKY_low_10_500,ML,500,,0.609375,0.01953125,10
HKY_low_250_100,UPGMA,100,,40.46875,0.84765625,250
HKY_low_250_100,NJ,100,,43.765625,0.01953125,250
HKY_low_250_100,ML,100,,71.40625,0.015625,250
HKY_low_250_250,UPGMA,250,,92.71875,0.08203125,250
HKY_low_250_250,NJ,250,,97.484375,0.0703125,250
HKY_low_250_250,ML,250,,168.265625,0.421875,250
HKY_low_250_50,UPGMA,50,,21.390625,0.01953125,250
HKY_low_250_50,NJ,50,,25.5625,0.01953125,250
HKY_low_250_50,ML,50,,76.625,0.0234375,250
HKY_low_500_50,UPGMA,50,,101.515625,4.4453125,500
HKY_low_500_50,NJ,50,,135.21875,2.18359375,500
HKY_low_500_50,ML,50,,336.265625,2.15625,500
HKY_low_50_100,UPGMA,100,,1.46875,0.01953125,50
HKY_low_50_100,NJ,100,,1.484375,0.01953125,50
HKY_low_50_100,ML,100,,2.375,0.625,50
HKY_low_50_1000,UPGMA,1000,,14.234375,0.015625,50
HKY_low_50_1000,NJ,1000,,14.34375,0.015625,50
HKY_low_50_1000,ML,1000,,10.921875,0.12109375,50
HKY_low_50_250,UPGMA,250,,3.546875,0.01953125,50
HKY_low_50_250,NJ,250,,3.578125,0.01953125,50
HKY_low_50_250,ML,250,,3.703125,0.03515625,50
HKY_low_50_50,UPGMA,50,,0.734375,0.01953125,50
HKY_low_50_50,NJ,50,,0.78125,0.01953125,50
HKY_low_50_50,ML,50,,2.140625,0.01953125,50
HKY_low_50_500,UPGMA,500,,7.09375,0.01953125,50
HKY_low_50_500,NJ,500,,7.140625,0.01953125,50
HKY_low_50_500,ML,500,,6.203125,0.03125,50
JC_high_100_100,UPGMA,430,,11.515625,0.02734375,100
JC_high_100_100,NJ,430,,11.75,0.015625,100
JC_high_100_100,UPGMA,430,,11.546875,0.55859375,100
JC_high_100_100,NJ,430,,11.90625,0.015625,100
JC_high_100_100,ML,430,,66.078125,7.1640625,100
JC_high_100_100,MP,430,,1578.953125,11.01171875,100
JC_high_100_250,UPGMA,934,,25.515625,0.0234375,100
JC_high_100_250,NJ,934,,25.625,0.01953125,100
JC_high_100_250,ML,934,,158.734375,1.25,100
JC_high_100_250,MP,934,,3240.984375,8.015625,100
JC_high_100_50,UPGMA,233,,6.203125,0.02734375,100
JC_high_100_50,NJ,233,,6.421875,0.01953125,100
JC_high_100_50,ML,233,,53.4375,0.625,100
JC_high_100_50,MP,233,,646.9374999999991,7.015625,100
JC_high_100_500,UPGMA,1995,,53.828125,0.015625,100
JC_high_100_500,NJ,1995,,54.203125,0.01953125,100
JC_high_100_500,ML,1995,,172.2343750000009,0.078125,100
JC_high_100_500,MP,1995,,9071.4375,6.0234375,100
JC_high_10_100,UPGMA,164,,0.0625,0.01953125,10
JC_high_10_100,NJ,164,,0.0625,0.015625,10
JC_high_10_100,ML,164,,0.734375,0.19921875,10
JC_high_10_100,MP,164,,0.703125,0.01953125,10
JC_high_10_1000,UPGMA,1360,,0.546875,0.015625,10
JC_high_10_1000,NJ,1360,,0.53125,0.01953125,10
JC_high_10_1000,ML,1360,,2.09375,0.69140625,10
JC_high_10_1000,MP,1360,,11.71875,0.01953125,10
JC_high_10_250,UPGMA,344,,0.125,0.01953125,10
JC_high_10_250,NJ,344,,0.140625,0.015625,10
JC_high_10_250,ML,344,,1.375,0.0703125,10
JC_high_10_250,MP,344,,1.03125,0.01953125,10
JC_high_10_50,UPGMA,57,,0.03125,0.01953125,10
JC_high_10_50,NJ,57,,0.03125,0.01953125,10
JC_high_10_50,ML,57,,0.5,0.0234375,10
JC_high_10_50,MP,57,,0.140625,0.01953125,10
JC_high_10_500,UPGMA,662,,0.265625,0.01953125,10
JC_high_10_500,NJ,662,,0.28125,0.01953125,10
JC_high_10_500,ML,662,,1.71875,0.02734375,10
JC_high_10_500,MP,662,,1.109375,0.01953125,10
JC_high_250_100,UPGMA,1370,,181.390625,0.01953125,250
JC_high_250_100,NJ,1370,,185.703125,0.01953125,250
JC_high_250_100,ML,1370,,551.1718749999982,0.13671875,250
JC_low_100_100,UPGMA,100,,5.875,0.54296875,100
JC_low_100_100,NJ,100,,6.125,0.03515625,100
JC_low_100_100,ML,100,,6.03125,6.46875,100
JC_low_100_100,MP,100,,23.375,10.390625,100
JC_low_100_250,UPGMA,250,,14.3125,0.03125,100
JC_low_100_250,NJ,250,,14.625,0.01953125,100
JC_low_100_250,ML,250,,10.765625,1.84765625,100
JC_low_100_250,MP,250,,35.421875,8.09375,100
JC_low_100_50,UPGMA,50,,3.046875,0.01953125,100
JC_low_100_50,NJ,50,,3.3125,0.01953125,100
JC_low_100_50,ML,50,,5.6875,0.03515625,100
JC_low_100_50,MP,50,,39.78125,7.984375,100
JC_low_100_500,UPGMA,500,,28.4375,0.01953125,100
JC_low_100_500,NJ,500,,28.6875,0.01953125,100
JC_low_100_500,ML,500,,19.34375,0.04296875,100
JC_low_100_500,MP,500,,70.296875,7.2734375,100
JC_low_10_100,UPGMA,100,,0.078125,0.01953125,10
JC_low_10_100,NJ,100,,0.0625,0.01953125,10
JC_low_10_100,ML,100,,0.265625,0.02734375,10
JC_low_10_100,MP,100,,0.109375,0.015625,10
JC_low_10_1000,UPGMA,1000,,0.515625,0.01953125,10
JC_low_10_1000,NJ,1000,,0.53125,0.015625,10
JC_low_10_1000,ML,1000,,0.703125,0.01953125,10
JC_low_10_1000,MP,1000,,0.96875,0.01953125,10
JC_low_10_250,UPGMA,250,,0.140625,0.01953125,10
JC_low_10_250,NJ,250,,0.125,0.01953125,10
JC_low_10_250,ML,250,,0.390625,0.01953125,10
JC_low_10_250,MP,250,,0.25,0.01953125,10
JC_low_10_50,UPGMA,50,,0.03125,0.01953125,10
JC_low_10_50,NJ,50,,0.03125,0.01953125,10
JC_low_10_50,ML,50,,0.28125,0.01953125,10
JC_low_10_50,MP,50,,0.0625,0.01953125,10
JC_low_10_500,UPGMA,500,,0.25,0.01953125,10
JC_low_10_500,NJ,500,,0.25,0.015625,10
JC_low_10_500,ML,500,,0.484375,0.01953125,10
JC_low_10_500,MP,500,,0.484375,0.01953125,10
JC_low_50_100,UPGMA,100,,1.421875,0.01953125,50
JC_low_50_100,NJ,100,,1.46875,0.01953125,50
JC_low_50_100,ML,100,,2.09375,0.01953125,50
JC_low_50_100,MP,100,,5.625,1.015625,50
JC_low_50_1000,UPGMA,1000,,14.0625,0.015625,50
JC_low_50_1000,NJ,1000,,14.078125,0.01953125,50
JC_low_50_1000,ML,1000,,10.65625,0.01953125,50
JC_low_50_1000,MP,1000,,33.8125,0.546875,50
JC_low_50_250,UPGMA,250,,3.515625,0.01953125,50
JC_low_50_250,NJ,250,,3.5625,0.01953125,50
JC_low_50_250,ML,250,,3.453125,0.02734375,50
JC_low_50_250,MP,250,,8.5,0.55859375,50
JC_low_50_50,UPGMA,50,,0.734375,0.01953125,50
JC_low_50_50,NJ,50,,0.765625,0.01953125,50
JC_low_50_50,ML,50,,1.65625,0.01953125,50
JC_low_50_50,MP,50,,6.234375,0.48046875,50
JC_low_50_500,UPGMA,500,,7.015625,0.01953125,50
JC_low_50_500,NJ,500,,7.015625,0.01953125,50
JC_low_50_500,ML,500,,5.90625,0.7578125,50
JC_low_50_500,MP,500,,17.0,0.01953125,50
HKY_high_150_1000,UPGMA,6550,,347.984375,3.23828125,150
HKY_high_150_1000,NJ,6550,,349.546875,0.078125,150
HKY_high_20_1000,UPGMA,1590,,2.484375,0.32421875,20
HKY_high_20_1000,NJ,1590,,2.5,0.0234375,20
HKY_high_20_1000,ML,1590,,14.296875,7.6953125,20
HKY_high_20_2000,UPGMA,3457,,5.171875,0.0234375,20
HKY_high_20_2000,NJ,3457,,5.171875,0.0234375,20
HKY_high_20_2000,ML,3457,,10.171875,1.88671875,20
HKY_high_20_50,UPGMA,104,,0.15625,0.05859375,20
HKY_high_20_50,NJ,104,,0.15625,0.01953125,20
HKY_high_20_50,ML,104,,1.953125,0.4921875,20
HKY_high_20_500,UPGMA,864,,1.296875,0.01953125,20
HKY_high_20_500,NJ,864,,1.296875,0.01953125,20
HKY_high_20_500,ML,864,,11.1875,0.921875,20
HKY_high_35_1000,UPGMA,2108,,8.890625,0.0234375,35
HKY_high_35_1000,NJ,2108,,8.953125,0.01953125,35
HKY_high_35_1000,ML,2108,,24.890625,1.5859375,35
HKY_high_35_2000,UPGMA,4228,,17.9375,0.02734375,35
HKY_high_35_2000,NJ,4228,,17.890625,0.01953125,35
HKY_high_35_2000,ML,4228,,65.5625,0.8046875,35
HKY_high_35_50,UPGMA,125,,0.515625,0.0234375,35
HKY_high_35_50,NJ,125,,0.515625,0.01953125,35
HKY_high_35_50,ML,125,,7.125,0.8984375,35
HKY_high_35_500,UPGMA,1046,,4.40625,0.01953125,35
HKY_high_35_500,NJ,1046,,4.4375,0.015625,35
HKY_high_35_500,ML,1046,,15.078125,1.82421875,35
HKY_high_75_1000,UPGMA,3252,,52.984375,0.01953125,75
HKY_high_75_1000,NJ,3252,,53.0,0.046875,75
HKY_high_75_1000,ML,3252,,120.671875,0.01953125,75
HKY_high_75_2000,UPGMA,6457,,103.71875,0.60546875,75
HKY_high_75_2000,NJ,6457,,103.96875,0.05078125,75
HKY_high_75_2000,ML,6457,,149.015625,2.4921875,75
HKY_high_75_50,UPGMA,143,,2.59375,0.01953125,75
HKY_high_75_50,NJ,143,,2.671875,0.015625,75
HKY_high_75_50,ML,143,,32.828125,0.6796875,75
HKY_high_75_500,UPGMA,1585,,25.578125,0.05859375,75
HKY_high_75_500,NJ,1585,,25.6875,0.01953125,75
HKY_high_75_500,ML,1585,,106.8125,0.875,75
HKY_low_20_1000,UPGMA,1000,,2.171875,0.015625,20
HKY_low_20_1000,NJ,1000,,2.1875,0.01953125,20
HKY_low_20_1000,ML,1000,,2.453125,0.23828125,20
HKY_low_20_2000,UPGMA,2000,,4.328125,0.01953125,20
HKY_low_20_2000,NJ,2000,,4.328125,0.01953125,20
HKY_low_20_2000,ML,2000,,4.359375,0.01953125,20
HKY_low_20_50,UPGMA,50,,0.109375,0.01953125,20
HKY_low_20_50,NJ,50,,0.125,0.01953125,20
HKY_low_20_50,ML,50,,0.640625,0.01953125,20
HKY_low_20_500,UPGMA,500,,1.09375,0.015625,20
HKY_low_20_500,NJ,500,,1.109375,0.01953125,20
HKY_low_20_500,ML,500,,1.5,0.01953125,20
HKY_low_35_1000,UPGMA,1000,,6.8125,0.01953125,35
HKY_low_35_1000,NJ,1000,,6.828125,0.01953125,35
HKY_low_35_1000,ML,1000,,5.890625,1.8359375,35
HKY_low_35_2000,UPGMA,2000,,13.546875,0.01953125,35
HKY_low_35_2000,NJ,2000,,13.625,0.015625,35
HKY_low_35_2000,ML,2000,,11.203125,1.734375,35
HKY_low_35_50,UPGMA,50,,0.34375,0.01953125,35
HKY_low_35_50,NJ,50,,0.359375,0.01953125,35
HKY_low_35_50,ML,50,,1.171875,0.01953125,35
HKY_low_35_500,UPGMA,500,,3.390625,0.01953125,35
HKY_low_35_500,NJ,500,,3.4375,0.01953125,35
HKY_low_35_500,ML,500,,3.359375,0.01953125,35
HKY_low_75_1000,UPGMA,1000,,31.796875,0.015625,75
HKY_low_75_1000,NJ,1000,,31.921875,0.01953125,75
HKY_low_75_1000,ML,1000,,23.046875,0.02734375,75
HKY_low_75_2000,UPGMA,2000,,63.953125,0.01953125,75
HKY_low_75_2000,NJ,2000,,64.5,0.01953125,75
HKY_low_75_2000,ML,2000,,43.453125,0.01953125,75
HKY_low_75_50,UPGMA,50,,1.703125,0.05859375,75
HKY_low_75_50,NJ,50,,1.828125,0.01953125,75
HKY_low_75_50,ML,50,,6.0,0.5625,75
HKY_low_75_500,UPGMA,500,,16.1875,0.015625,75
HKY_low_75_500,NJ,500,,16.1875,0.01953125,75
HKY_low_75_500,ML,500,,12.375,0.8125,75
JC_high_20_1000,UPGMA,1637,,2.5,0.01953125,20
JC_high_20_1000,NJ,1637,,2.484375,0.015625,20
JC_high_20_1000,ML,1637,,14.28125,0.328125,20
JC_high_20_2000,UPGMA,3344,,5.0625,0.015625,20
JC_high_20_2000,NJ,3344,,5.046875,0.01953125,20
JC_high_20_2000,ML,3344,,35.234375,0.453125,20
JC_high_20_50,UPGMA,67,,0.125,0.01953125,20
JC_high_20_50,NJ,67,,0.109375,0.01953125,20
JC_high_20_50,ML,67,,1.59375,0.0234375,20
JC_high_20_500,UPGMA,831,,1.28125,0.01953125,20
JC_high_20_500,NJ,831,,1.28125,0.01953125,20
JC_high_20_500,ML,831,,9.75,0.03125,20
JC_high_35_1000,UPGMA,2073,,8.953125,0.07421875,35
JC_high_35_1000,NJ,2073,,8.859375,0.015625,35
JC_high_35_1000,ML,2073,,23.484375,3.1171875,35
JC_high_35_2000,UPGMA,4062,,17.21875,0.01953125,35
JC_high_35_2000,NJ,4062,,17.65625,0.01953125,35
JC_high_35_2000,ML,4062,,64.515625,0.16796875,35
JC_high_35_50,UPGMA,94,,0.453125,0.0625,35
JC_high_35_50,NJ,94,,0.453125,0.01953125,35
JC_high_35_50,ML,94,,3.25,0.70703125,35
JC_high_35_500,UPGMA,989,,4.234375,0.01953125,35
JC_high_35_500,NJ,989,,4.21875,0.01953125,35
JC_high_35_500,ML,989,,23.75,1.75390625,35
JC_high_75_1000,UPGMA,3238,,52.984375,0.0234375,75
JC_high_75_1000,NJ,3238,,53.328125,0.01953125,75
JC_high_75_1000,ML,3238,,110.78125,0.01953125,75
JC_high_75_2000,UPGMA,6157,,101.59375,0.5234375,75
JC_high_75_2000,NJ,6157,,101.359375,0.01953125,75
JC_high_75_2000,ML,6157,,548.828125,2.49609375,75
JC_high_75_50,UPGMA,199,,3.296875,0.0625,75
JC_high_75_50,NJ,199,,3.421875,0.01953125,75
JC_high_75_50,ML,199,,20.375,0.41015625,75
JC_high_75_500,UPGMA,1594,,27.46875,0.03125,75
JC_high_75_500,NJ,1594,,27.703125,0.01953125,75
JC_high_75_500,ML,1594,,88.140625,1.6328125,75
JC_low_20_1000,UPGMA,1000,,2.296875,0.015625,20
JC_low_20_1000,NJ,1000,,2.296875,0.01953125,20
JC_low_20_1000,ML,1000,,2.640625,0.01953125,20
JC_low_20_2000,UPGMA,2000,,4.609375,0.015625,20
JC_low_20_2000,NJ,2000,,4.578125,0.01953125,20
JC_low_20_2000,ML,2000,,4.265625,0.703125,20
JC_low_20_50,UPGMA,50,,0.125,0.01953125,20
JC_low_20_50,NJ,50,,0.125,0.01953125,20
JC_low_20_50,ML,50,,0.828125,0.01953125,20
JC_low_20_500,UPGMA,500,,1.15625,0.015625,20
JC_low_20_500,NJ,500,,1.15625,0.015625,20
JC_low_20_500,ML,500,,1.671875,0.01953125,20
JC_low_35_1000,UPGMA,1000,,7.140625,0.01953125,35
JC_low_35_1000,NJ,1000,,7.1875,0.01953125,35
JC_low_35_1000,ML,1000,,6.171875,0.11328125,35
JC_low_35_2000,UPGMA,2000,,14.4375,0.01953125,35
JC_low_35_2000,NJ,2000,,14.40625,0.01953125,35
JC_low_35_2000,ML,2000,,11.390625,1.01171875,35
JC_low_35_50,UPGMA,50,,0.375,0.01953125,35
JC_low_35_50,NJ,50,,0.390625,0.01953125,35
JC_low_35_50,ML,50,,1.125,0.01953125,35
JC_low_35_500,UPGMA,500,,3.59375,0.015625,35
JC_low_35_500,NJ,500,,3.59375,0.01953125,35
JC_low_35_500,ML,500,,3.390625,0.0234375,35
JC_low_75_1000,UPGMA,1000,,33.515625,0.01953125,75
JC_low_75_1000,NJ,1000,,33.5625,0.01953125,75
JC_low_75_1000,ML,1000,,22.875,0.02734375,75
JC_low_75_2000,UPGMA,2000,,67.078125,0.015625,75
JC_low_75_2000,NJ,2000,,67.09375,0.01953125,75
JC_low_75_2000,ML,2000,,44.421875,0.01953125,75
JC_low_75_50,UPGMA,50,,1.78125,0.06640625,75
JC_low_75_50,NJ,50,,1.921875,0.01953125,75
JC_low_75_50,ML,50,,4.265625,0.54296875,75
JC_low_75_500,UPGMA,500,,16.921875,0.015625,75
JC_low_75_500,NJ,500,,16.890625,0.01953125,75
JC_low_75_500,ML,500,,12.34375,0.8359375,75
HKY_high_50_100,UPGMA,241,,1.9375,0.1484375,50
HKY_high_50_100,NJ,241,,1.953125,0.02734375,50
HKY_high_50_100,ML,241,,23.859375,5.625,50
HKY_high_50_1000,UPGMA,2492,,19.671875,0.0625,50
HKY_high_50_1000,NJ,2492,,19.71875,0.02734375,50
HKY_high_50_1000,ML,2492,,63.671875,3.2578125,50
HKY_high_50_250,UPGMA,602,,5.0,0.01953125,50
HKY_high_50_250,NJ,602,,5.0625,0.01953125,50
HKY_high_50_250,ML,602,,21.265625,2.19921875,50
HKY_high_50_50,UPGMA,153,,1.140625,0.0234375,50
HKY_high_50_50,NJ,153,,1.1875,0.015625,50
HKY_high_50_50,ML,153,,9.671875,0.015625,50
HKY_high_50_500,UPGMA,1279,,10.03125,0.015625,50
HKY_high_50_500,NJ,1279,,10.140625,0.01953125,50
HKY_high_50_500,ML,1279,,24.46875,0.484375,50
JC_high_50_100,UPGMA,285,,2.1875,0.0234375,50
JC_high_50_100,NJ,285,,2.21875,0.01953125,50
JC_high_50_100,ML,285,,19.515625,0.0234375,50
JC_high_50_1000,UPGMA,2409,,19.28125,0.015625,50
JC_high_50_1000,NJ,2409,,19.265625,0.01953125,50
JC_high_50_1000,ML,2409,,144.25,0.01953125,50
JC_high_50_250,UPGMA,584,,4.765625,0.01953125,50
JC_high_50_250,NJ,584,,4.8125,0.01953125,50
JC_high_50_250,ML,584,,37.03125,0.03515625,50
JC_high_50_50,UPGMA,174,,1.28125,0.01953125,50
JC_high_50_50,NJ,174,,1.3125,0.015625,50
JC_high_50_50,ML,174,,19.171875,0.01953125,50
JC_high_50_500,UPGMA,1217,,9.765625,0.01953125,50
JC_high_50_500,NJ,1217,,9.84375,0.015625,50
JC_high_50_500,ML,1217,,56.21875,0.01953125,50
HKY_high_50_100,MP,241,,74.6875,3.5703125,50
HKY_high_50_1000,MP,2492,,2191.65625,1.11328125,50
HKY_high_50_250,MP,602,,220.265625,0.02734375,50
HKY_high_50_50,MP,153,,51.0625,0.0234375,50
HKY_high_50_500,MP,1279,,1171.625,0.015625,50
JC_high_50_100,MP,285,,202.78125,0.03125,50
JC_high_50_1000,MP,2409,,1435.15625,0.01953125,50
JC_high_50_250,MP,584,,289.4218749999991,0.0546875,50
JC_high_50_50,MP,174,,57.765625,0.0234375,50
JC_high_50_500,MP,1217,,703.3125000000009,0.1328125,50
HKY_high_20_100,UPGMA,195,,0.28125,0.09375,20
HKY_high_20_100,NJ,195,,0.28125,0.0234375,20
HKY_high_20_100,ML,195,,8.125,5.0703125,20
HKY_high_20_250,UPGMA,428,,0.640625,0.0546875,20
HKY_high_20_250,NJ,428,,0.625,0.01953125,20
HKY_high_20_250,ML,428,,3.046875,0.34375,20
HKY_high_35_100,UPGMA,171,,0.78125,0.03125,35
HKY_high_35_100,NJ,171,,0.796875,0.01953125,35
HKY_high_35_100,ML,171,,6.515625,0.0859375,35
HKY_high_35_250,UPGMA,498,,2.171875,0.02734375,35
HKY_high_35_250,NJ,498,,2.1875,0.02734375,35
HKY_high_35_250,ML,498,,16.859375,0.7421875,35
HKY_high_75_100,UPGMA,310,,5.265625,0.1171875,75
HKY_high_75_100,NJ,310,,5.390625,0.01953125,75
HKY_high_75_100,ML,310,,13.640625,1.2109375,75
HKY_high_75_250,UPGMA,864,,13.796875,0.01953125,75
HKY_high_75_250,NJ,864,,13.90625,0.01953125,75
HKY_high_75_250,ML,864,,54.9375,0.63671875,75
HKY_low_20_100,UPGMA,100,,0.21875,0.01953125,20
HKY_low_20_100,NJ,100,,0.234375,0.01953125,20
HKY_low_20_100,ML,100,,0.671875,0.0234375,20
HKY_low_20_250,UPGMA,250,,0.546875,0.0234375,20
HKY_low_20_250,NJ,250,,0.546875,0.01953125,20
HKY_low_20_250,ML,250,,1.0,0.01953125,20
HKY_low_35_100,UPGMA,100,,0.703125,0.01953125,35
HKY_low_35_100,NJ,100,,0.71875,0.01953125,35
HKY_low_35_100,ML,100,,1.296875,0.015625,35
HKY_low_35_250,UPGMA,250,,1.734375,0.01953125,35
HKY_low_35_250,NJ,250,,1.734375,0.01953125,35
HKY_low_35_250,ML,250,,2.09375,0.01953125,35
HKY_low_75_100,UPGMA,100,,3.265625,0.015625,75
HKY_low_75_100,NJ,100,,3.390625,0.01953125,75
HKY_low_75_100,ML,100,,5.671875,0.01953125,75
HKY_low_75_250,UPGMA,250,,8.046875,0.01953125,75
HKY_low_75_250,NJ,250,,8.15625,0.015625,75
HKY_low_75_250,ML,250,,7.90625,0.14453125,75
JC_high_20_100,UPGMA,159,,0.25,0.015625,20
JC_high_20_100,NJ,159,,0.265625,0.01953125,20
JC_high_20_100,ML,159,,3.78125,0.01953125,20
JC_high_20_250,UPGMA,441,,0.65625,0.015625,20
JC_high_20_250,NJ,441,,0.65625,0.01953125,20
JC_high_20_250,ML,441,,2.34375,0.01953125,20
JC_high_35_100,UPGMA,209,,0.890625,0.01953125,35
JC_high_35_100,NJ,209,,0.90625,0.01953125,35
JC_high_35_100,ML,209,,13.671875,0.01953125,35
JC_high_35_250,UPGMA,559,,2.28125,0.01953125,35
JC_high_35_250,NJ,559,,2.296875,0.01953125,35
JC_high_35_250,ML,559,,16.328125,0.01953125,35
JC_high_75_100,UPGMA,298,,5.0,0.01953125,75
JC_high_75_100,NJ,298,,5.140625,0.01953125,75
JC_high_75_100,ML,298,,22.859375,0.33984375,75
JC_high_75_250,UPGMA,831,,14.078125,0.01953125,75
JC_high_75_250,NJ,831,,14.171875,0.04296875,75
JC_high_75_250,ML,831,,91.21875,0.76953125,75
JC_low_20_100,UPGMA,100,,0.234375,0.01953125,20
JC_low_20_100,NJ,100,,0.234375,0.01953125,20
JC_low_20_100,ML,100,,0.71875,0.01953125,20
JC_low_20_250,UPGMA,250,,0.578125,0.01953125,20
JC_low_20_250,NJ,250,,0.5625,0.015625,20
JC_low_20_250,ML,250,,0.953125,0.01953125,20
JC_low_35_100,UPGMA,100,,0.734375,0.01953125,35
JC_low_35_100,NJ,100,,0.75,0.01953125,35
JC_low_35_100,ML,100,,1.40625,0.01953125,35
JC_low_35_250,UPGMA,250,,1.796875,0.01953125,35
JC_low_35_250,NJ,250,,1.8125,0.01953125,35
JC_low_35_250,ML,250,,2.09375,0.01953125,35
JC_low_75_100,UPGMA,100,,3.421875,0.01953125,75
JC_low_75_100,NJ,100,,3.578125,0.01953125,75
JC_low_75_100,ML,100,,4.0,0.01953125,75
JC_low_75_250,UPGMA,250,,8.375,0.015625,75
JC_low_75_250,NJ,250,,8.53125,0.015625,75
JC_low_75_250,ML,250,,7.171875,0.01953125,75
HKY_high_100_100,MP,342,,790.703125,3.4609375,100
JC_low_250_100,UPGMA,100,,40.859375,2.7265625,250
JC_low_250_100,ML,100,,67.6875,7.0546875,250
JC_low_250_100,NJ,100,,47.265625,0.42578125,250
JC_high_100_1000,UPGMA,4275,,120.5,1.6953125,100
JC_low_250_1000,UPGMA,1000,,395.765625,0.1484375,250
JC_high_100_1000,ML,4275,,430.328125,7.078125,100
JC_high_100_1000,NJ,4275,,128.21875,0.13671875,100
JC_low_250_1000,ML,1000,,241.546875,1.37109375,250
JC_low_250_1000,NJ,1000,,404.21875,0.0234375,250
JC_low_250_250,UPGMA,250,,101.8125,0.01953125,250
JC_low_250_250,ML,250,,159.15625,0.43359375,250
JC_low_250_250,NJ,250,,106.59375,0.01953125,250
JC_low_250_50,UPGMA,50,,23.21875,0.01953125,250
JC_low_250_50,ML,50,,51.890625,0.0234375,250
JC_low_250_50,NJ,50,,28.09375,0.109375,250
JC_low_250_500,UPGMA,500,,205.203125,0.203125,250
JC_low_250_500,ML,500,,133.359375,1.1640625,250
JC_low_250_500,NJ,500,,214.015625,0.01953125,250
JC_low_500_100,UPGMA,100,,182.203125,4.2578125,500
JC_high_250_1000,UPGMA,11927,,1739.4375,6.46875,250
JC_low_500_100,ML,100,,287.984375,1.84375,500
JC_low_500_100,NJ,100,,228.234375,2.484375,500
JC_low_500_1000,UPGMA,1000,,1612.28125,0.18359375,500
JC_high_250_1000,ML,11927,,3119.765625,12.7734375,250
JC_low_500_1000,ML,1000,,1072.312499999999,2.81640625,500
JC_low_500_1000,NJ,1000,,1665.984375000001,0.0859375,500
JC_high_250_1000,NJ,11927,,1740.484375,4.66796875,250
JC_high_250_50,UPGMA,581,,85.71874999999909,0.08984375,250
JC_low_500_250,UPGMA,250,,413.4999999999991,0.14453125,500
JC_high_250_50,ML,581,,392.0312500000009,1.94921875,250
JC_high_250_50,NJ,581,,89.015625,0.03515625,250
JC_low_500_250,ML,250,,327.4375000000009,1.515625,500
JC_low_500_250,NJ,250,,446.375,1.98046875,500
JC_low_500_50,UPGMA,50,,104.125,0.25,500
JC_high_250_500,UPGMA,5939,,829.515625,1.30859375,250
JC_low_500_50,ML,50,,222.96875,2.01953125,500
JC_low_500_50,NJ,50,,141.96875,1.53515625,500
JC_low_500_500,UPGMA,500,,805.046875,0.1171875,500
JC_low_500_500,ML,500,,587.171875,1.0078125,500
JC_low_500_500,NJ,500,,870.4843749999982,0.5234375,500
JC_high_100_1000,UPGMA,4275,,124.515625,0.35546875,100
JC_high_250_500,ML,5939,,2629.156249999998,9.57421875,250
JC_high_100_1000,ML,4275,,303.6250000000018,2.34375,100
JC_high_100_1000,NJ,4275,,121.78125,0.72265625,100
JC_high_250_500,NJ,5939,,848.6406250000018,0.0234375,250
HKY_high_10_1000,MP,1293,,12.59375,0.80859375,10
HKY_low_10_100,MP,100,,0.125,0.41015625,10
HKY_high_10_500,MP,657,,6.015625,0.0390625,10
HKY_low_10_1000,MP,1000,,1.265625,0.09765625,10
HKY_low_10_50,MP,50,,0.078125,0.03125,10
HKY_low_10_500,MP,500,,0.625,0.0234375,10
HKY_low_10_100,MP,100,,0.125,0.40234375,10
HKY_low_10_1000,MP,1000,,1.359375,0.0703125,10
HKY_low_10_50,MP,50,,0.09375,0.01953125,10
HKY_low_10_500,MP,500,,0.625,0.01953125,10
HKY_low_100_100,MP,100,,169.796875,12.4609375,100
HKY_low_50_100,MP,100,,12.078125,3.3828125,50
HKY_low_100_50,MP,50,,57.625,8.10546875,100
HKY_low_50_50,MP,50,,8.015625,0.01953125,50
HKY_low_100_250,MP,250,,171.1875,10.86328125,100
HKY_low_10_250,MP,250,,0.328125,0.01953125,10
HKY_low_50_100,MP,100,,11.328125,3.8203125,50
HKY_low_50_1000,MP,1000,,41.515625,0.25390625,50
HKY_low_50_250,MP,250,,10.65625,0.83984375,50
HKY_low_50_1000,MP,1000,,39.828125,0.75390625,50
HKY_low_50_250,MP,250,,10.015625,1.37109375,50
HKY_low_50_500,MP,500,,21.0625,0.15625,50
HKY_low_50_500,MP,500,,19.515625,0.66796875,50
HKY_high_10_2500,MP,3238,,23.078125,0.80859375,10
HKY_high_10_5000,MP,6806,,71.1875,0.57421875,10
HKY_high_100_50,MP,162,,549.84375,11.82421875,100
HKY_high_10_100,MP,151,,0.671875,0.01953125,10
HKY_high_10_250,MP,325,,1.46875,0.02734375,10
HKY_high_10_50,MP,59,,0.234375,0.01953125,10
JC_high_250_1000,UPGMA,11927,,1756.46875,6.59765625,250
JC_high_250_1000,ML,11927,,2976.28125,16.828125,250
JC_high_250_1000,NJ,11927,,1626.75,5.8984375,250
JC_high_250_50,UPGMA,581,,81.8125,0.0625,250
JC_high_250_50,ML,581,,375.5156249999964,1.21484375,250
JC_high_250_50,NJ,581,,86.4375,0.01953125,250
JC_high_250_500,UPGMA,5939,,809.2968750000036,1.58203125,250
JC_high_250_500,ML,5939,,1170.75,5.94921875,250
JC_high_250_500,NJ,5939,,819.4375,0.04296875,250
HKY_high_50_2500,MP,6230,,24469.28125,2.91796875,50
